Workbook

Sheet 96 List Input
A1: Well | B1: Plate 1 | C1: Plate 2 | D1: Plate 3 | E1: Plate 4
A2: A1 | H2: Copy lists of 96 samples into the green colored cells . Data will be transformed in 96-well format and appear on output sheet.
A3: A2
A4: A3
A5: A4
A6: A5
A7: A6
A8: A7
A9: A8
A10: A9
A11: A10
A12: A11
A13: A12
A14: B1
... A97: H12

Sheet 96 Well Plates Output
A1: Plate 1
B2: 1 | C2: 2 | D2: 3 | E2: 4 | F2: 5 | G2: 6 | H2: 7 | I2: 8 | J2: 9 | K2: 10 | L2: 11 | M2: 12
A3: A | B3: =OFFSET('96 List Input'!$B$2,(B$2-1)+(12*(ROW($B3)-3)),0) -> 0 | C3: =OFFSET('96 List Input'!$B$2,(C$2-1)+(12*(ROW($B3)-3)),0) -> 0 | D3: =OFFSET('96 List Input'!$B$2,(D$2-1)+(12*(ROW($B3)-3)),0) -> 0 | E3: =OFFSET('96 List Input'!$B$2,(E$2-1)+(12*(ROW($B3)-3)),0) -> 0 | F3: =OFFSET('96 List Input'!$B$2,(F$2-1)+(12*(ROW($B3)-3)),0) -> 0 | G3: =OFFSET('96 List Input'!$B$2,(G$2-1)+(12*(ROW($B3)-3)),0) -> 0 | H3: =OFFSET('96 List Input'!$B$2,(H$2-1)+(12*(ROW($B3)-3)),0) -> 0 | I3: =OFFSET('96 List Input'!$B$2,(I$2-1)+(12*(ROW($B3)-3)),0) -> 0 | ... M3: =OFFSET('96 List Input'!$B$2,(M$2-1)+(12*(ROW($B3)-3)),0) -> 0
A4: B | B4: =OFFSET('96 List Input'!$B$2,(B$2-1)+(12*(ROW($B4)-3)),0) -> 0 | C4: =OFFSET('96 List Input'!$B$2,(C$2-1)+(12*(ROW($B4)-3)),0) -> 0 | D4: =OFFSET('96 List Input'!$B$2,(D$2-1)+(12*(ROW($B4)-3)),0) -> 0 | E4: =OFFSET('96 List Input'!$B$2,(E$2-1)+(12*(ROW($B4)-3)),0) -> 0 | F4: =OFFSET('96 List Input'!$B$2,(F$2-1)+(12*(ROW($B4)-3)),0) -> 0 | G4: =OFFSET('96 List Input'!$B$2,(G$2-1)+(12*(ROW($B4)-3)),0) -> 0 | H4: =OFFSET('96 List Input'!$B$2,(H$2-1)+(12*(ROW($B4)-3)),0) -> 0 | I4: =OFFSET('96 List Input'!$B$2,(I$2-1)+(12*(ROW($B4)-3)),0) -> 0 | ... M4: =OFFSET('96 List Input'!$B$2,(M$2-1)+(12*(ROW($B4)-3)),0) -> 0
A5: C | B5: =OFFSET('96 List Input'!$B$2,(B$2-1)+(12*(ROW($B5)-3)),0) -> 0 | C5: =OFFSET('96 List Input'!$B$2,(C$2-1)+(12*(ROW($B5)-3)),0) -> 0 | D5: =OFFSET('96 List Input'!$B$2,(D$2-1)+(12*(ROW($B5)-3)),0) -> 0 | E5: =OFFSET('96 List Input'!$B$2,(E$2-1)+(12*(ROW($B5)-3)),0) -> 0 | F5: =OFFSET('96 List Input'!$B$2,(F$2-1)+(12*(ROW($B5)-3)),0) -> 0 | G5: =OFFSET('96 List Input'!$B$2,(G$2-1)+(12*(ROW($B5)-3)),0) -> 0 | H5: =OFFSET('96 List Input'!$B$2,(H$2-1)+(12*(ROW($B5)-3)),0) -> 0 | I5: =OFFSET('96 List Input'!$B$2,(I$2-1)+(12*(ROW($B5)-3)),0) -> 0 | ... M5: =OFFSET('96 List Input'!$B$2,(M$2-1)+(12*(ROW($B5)-3)),0) -> 0
A6: D | B6: =OFFSET('96 List Input'!$B$2,(B$2-1)+(12*(ROW($B6)-3)),0) -> 0 | C6: =OFFSET('96 List Input'!$B$2,(C$2-1)+(12*(ROW($B6)-3)),0) -> 0 | D6: =OFFSET('96 List Input'!$B$2,(D$2-1)+(12*(ROW($B6)-3)),0) -> 0 | E6: =OFFSET('96 List Input'!$B$2,(E$2-1)+(12*(ROW($B6)-3)),0) -> 0 | F6: =OFFSET('96 List Input'!$B$2,(F$2-1)+(12*(ROW($B6)-3)),0) -> 0 | G6: =OFFSET('96 List Input'!$B$2,(G$2-1)+(12*(ROW($B6)-3)),0) -> 0 | H6: =OFFSET('96 List Input'!$B$2,(H$2-1)+(12*(ROW($B6)-3)),0) -> 0 | I6: =OFFSET('96 List Input'!$B$2,(I$2-1)+(12*(ROW($B6)-3)),0) -> 0 | ... M6: =OFFSET('96 List Input'!$B$2,(M$2-1)+(12*(ROW($B6)-3)),0) -> 0
A7: E | B7: =OFFSET('96 List Input'!$B$2,(B$2-1)+(12*(ROW($B7)-3)),0) -> 0 | C7: =OFFSET('96 List Input'!$B$2,(C$2-1)+(12*(ROW($B7)-3)),0) -> 0 | D7: =OFFSET('96 List Input'!$B$2,(D$2-1)+(12*(ROW($B7)-3)),0) -> 0 | E7: =OFFSET('96 List Input'!$B$2,(E$2-1)+(12*(ROW($B7)-3)),0) -> 0 | F7: =OFFSET('96 List Input'!$B$2,(F$2-1)+(12*(ROW($B7)-3)),0) -> 0 | G7: =OFFSET('96 List Input'!$B$2,(G$2-1)+(12*(ROW($B7)-3)),0) -> 0 | H7: =OFFSET('96 List Input'!$B$2,(H$2-1)+(12*(ROW($B7)-3)),0) -> 0 | I7: =OFFSET('96 List Input'!$B$2,(I$2-1)+(12*(ROW($B7)-3)),0) -> 0 | ... M7: =OFFSET('96 List Input'!$B$2,(M$2-1)+(12*(ROW($B7)-3)),0) -> 0
A8: F | B8: =OFFSET('96 List Input'!$B$2,(B$2-1)+(12*(ROW($B8)-3)),0) -> 0 | C8: =OFFSET('96 List Input'!$B$2,(C$2-1)+(12*(ROW($B8)-3)),0) -> 0 | D8: =OFFSET('96 List Input'!$B$2,(D$2-1)+(12*(ROW($B8)-3)),0) -> 0 | E8: =OFFSET('96 List Input'!$B$2,(E$2-1)+(12*(ROW($B8)-3)),0) -> 0 | F8: =OFFSET('96 List Input'!$B$2,(F$2-1)+(12*(ROW($B8)-3)),0) -> 0 | G8: =OFFSET('96 List Input'!$B$2,(G$2-1)+(12*(ROW($B8)-3)),0) -> 0 | H8: =OFFSET('96 List Input'!$B$2,(H$2-1)+(12*(ROW($B8)-3)),0) -> 0 | I8: =OFFSET('96 List Input'!$B$2,(I$2-1)+(12*(ROW($B8)-3)),0) -> 0 | ... M8: =OFFSET('96 List Input'!$B$2,(M$2-1)+(12*(ROW($B8)-3)),0) -> 0
A9: G | B9: =OFFSET('96 List Input'!$B$2,(B$2-1)+(12*(ROW($B9)-3)),0) -> 0 | C9: =OFFSET('96 List Input'!$B$2,(C$2-1)+(12*(ROW($B9)-3)),0) -> 0 | D9: =OFFSET('96 List Input'!$B$2,(D$2-1)+(12*(ROW($B9)-3)),0) -> 0 | E9: =OFFSET('96 List Input'!$B$2,(E$2-1)+(12*(ROW($B9)-3)),0) -> 0 | F9: =OFFSET('96 List Input'!$B$2,(F$2-1)+(12*(ROW($B9)-3)),0) -> 0 | G9: =OFFSET('96 List Input'!$B$2,(G$2-1)+(12*(ROW($B9)-3)),0) -> 0 | H9: =OFFSET('96 List Input'!$B$2,(H$2-1)+(12*(ROW($B9)-3)),0) -> 0 | I9: =OFFSET('96 List Input'!$B$2,(I$2-1)+(12*(ROW($B9)-3)),0) -> 0 | ... M9: =OFFSET('96 List Input'!$B$2,(M$2-1)+(12*(ROW($B9)-3)),0) -> 0
A10: H | B10: =OFFSET('96 List Input'!$B$2,(B$2-1)+(12*(ROW($B10)-3)),0) -> 0 | C10: =OFFSET('96 List Input'!$B$2,(C$2-1)+(12*(ROW($B10)-3)),0) -> 0 | D10: =OFFSET('96 List Input'!$B$2,(D$2-1)+(12*(ROW($B10)-3)),0) -> 0 | E10: =OFFSET('96 List Input'!$B$2,(E$2-1)+(12*(ROW($B10)-3)),0) -> 0 | F10: =OFFSET('96 List Input'!$B$2,(F$2-1)+(12*(ROW($B10)-3)),0) -> 0 | G10: =OFFSET('96 List Input'!$B$2,(G$2-1)+(12*(ROW($B10)-3)),0) -> 0 | H10: =OFFSET('96 List Input'!$B$2,(H$2-1)+(12*(ROW($B10)-3)),0) -> 0 | I10: =OFFSET('96 List Input'!$B$2,(I$2-1)+(12*(ROW($B10)-3)),0) -> 0 | ... M10: =OFFSET('96 List Input'!$B$2,(M$2-1)+(12*(ROW($B10)-3)),0) -> 0
A12: Plate 2
B13: 1 | C13: 2 | D13: 3 | E13: 4 | F13: 5 | G13: 6 | H13: 7 | I13: 8 | J13: 9 | K13: 10 | L13: 11 | M13: 12
A14: A | B14: =OFFSET('96 List Input'!$C$2,(B$2-1)+(12*(ROW($B3)-3)),0) -> 0 | C14: =OFFSET('96 List Input'!$C$2,(C$2-1)+(12*(ROW($B3)-3)),0) -> 0 | D14: =OFFSET('96 List Input'!$C$2,(D$2-1)+(12*(ROW($B3)-3)),0) -> 0 | E14: =OFFSET('96 List Input'!$C$2,(E$2-1)+(12*(ROW($B3)-3)),0) -> 0 | F14: =OFFSET('96 List Input'!$C$2,(F$2-1)+(12*(ROW($B3)-3)),0) -> 0 | G14: =OFFSET('96 List Input'!$C$2,(G$2-1)+(12*(ROW($B3)-3)),0) -> 0 | H14: =OFFSET('96 List Input'!$C$2,(H$2-1)+(12*(ROW($B3)-3)),0) -> 0 | I14: =OFFSET('96 List Input'!$C$2,(I$2-1)+(12*(ROW($B3)-3)),0) -> 0 | ... M14: =OFFSET('96 List Input'!$C$2,(M$2-1)+(12*(ROW($B3)-3)),0) -> 0
A15: B | B15: =OFFSET('96 List Input'!$C$2,(B$2-1)+(12*(ROW($B4)-3)),0) -> 0 | C15: =OFFSET('96 List Input'!$C$2,(C$2-1)+(12*(ROW($B4)-3)),0) -> 0 | D15: =OFFSET('96 List Input'!$C$2,(D$2-1)+(12*(ROW($B4)-3)),0) -> 0 | E15: =OFFSET('96 List Input'!$C$2,(E$2-1)+(12*(ROW($B4)-3)),0) -> 0 | F15: =OFFSET('96 List Input'!$C$2,(F$2-1)+(12*(ROW($B4)-3)),0) -> 0 | G15: =OFFSET('96 List Input'!$C$2,(G$2-1)+(12*(ROW($B4)-3)),0) -> 0 | H15: =OFFSET('96 List Input'!$C$2,(H$2-1)+(12*(ROW($B4)-3)),0) -> 0 | I15: =OFFSET('96 List Input'!$C$2,(I$2-1)+(12*(ROW($B4)-3)),0) -> 0 | ... M15: =OFFSET('96 List Input'!$C$2,(M$2-1)+(12*(ROW($B4)-3)),0) -> 0
A16: C | B16: =OFFSET('96 List Input'!$C$2,(B$2-1)+(12*(ROW($B5)-3)),0) -> 0 | C16: =OFFSET('96 List Input'!$C$2,(C$2-1)+(12*(ROW($B5)-3)),0) -> 0 | D16: =OFFSET('96 List Input'!$C$2,(D$2-1)+(12*(ROW($B5)-3)),0) -> 0 | E16: =OFFSET('96 List Input'!$C$2,(E$2-1)+(12*(ROW($B5)-3)),0) -> 0 | F16: =OFFSET('96 List Input'!$C$2,(F$2-1)+(12*(ROW($B5)-3)),0) -> 0 | G16: =OFFSET('96 List Input'!$C$2,(G$2-1)+(12*(ROW($B5)-3)),0) -> 0 | H16: =OFFSET('96 List Input'!$C$2,(H$2-1)+(12*(ROW($B5)-3)),0) -> 0 | I16: =OFFSET('96 List Input'!$C$2,(I$2-1)+(12*(ROW($B5)-3)),0) -> 0 | ... M16: =OFFSET('96 List Input'!$C$2,(M$2-1)+(12*(ROW($B5)-3)),0) -> 0
A17: D | B17: =OFFSET('96 List Input'!$C$2,(B$2-1)+(12*(ROW($B6)-3)),0) -> 0 | C17: =OFFSET('96 List Input'!$C$2,(C$2-1)+(12*(ROW($B6)-3)),0) -> 0 | D17: =OFFSET('96 List Input'!$C$2,(D$2-1)+(12*(ROW($B6)-3)),0) -> 0 | E17: =OFFSET('96 List Input'!$C$2,(E$2-1)+(12*(ROW($B6)-3)),0) -> 0 | F17: =OFFSET('96 List Input'!$C$2,(F$2-1)+(12*(ROW($B6)-3)),0) -> 0 | G17: =OFFSET('96 List Input'!$C$2,(G$2-1)+(12*(ROW($B6)-3)),0) -> 0 | H17: =OFFSET('96 List Input'!$C$2,(H$2-1)+(12*(ROW($B6)-3)),0) -> 0 | I17: =OFFSET('96 List Input'!$C$2,(I$2-1)+(12*(ROW($B6)-3)),0) -> 0 | ... M17: =OFFSET('96 List Input'!$C$2,(M$2-1)+(12*(ROW($B6)-3)),0) -> 0
A18: E | B18: =OFFSET('96 List Input'!$C$2,(B$2-1)+(12*(ROW($B7)-3)),0) -> 0 | C18: =OFFSET('96 List Input'!$C$2,(C$2-1)+(12*(ROW($B7)-3)),0) -> 0 | D18: =OFFSET('96 List Input'!$C$2,(D$2-1)+(12*(ROW($B7)-3)),0) -> 0 | E18: =OFFSET('96 List Input'!$C$2,(E$2-1)+(12*(ROW($B7)-3)),0) -> 0 | F18: =OFFSET('96 List Input'!$C$2,(F$2-1)+(12*(ROW($B7)-3)),0) -> 0 | G18: =OFFSET('96 List Input'!$C$2,(G$2-1)+(12*(ROW($B7)-3)),0) -> 0 | H18: =OFFSET('96 List Input'!$C$2,(H$2-1)+(12*(ROW($B7)-3)),0) -> 0 | I18: =OFFSET('96 List Input'!$C$2,(I$2-1)+(12*(ROW($B7)-3)),0) -> 0 | ... M18: =OFFSET('96 List Input'!$C$2,(M$2-1)+(12*(ROW($B7)-3)),0) -> 0
A19: F | B19: =OFFSET('96 List Input'!$C$2,(B$2-1)+(12*(ROW($B8)-3)),0) -> 0 | C19: =OFFSET('96 List Input'!$C$2,(C$2-1)+(12*(ROW($B8)-3)),0) -> 0 | D19: =OFFSET('96 List Input'!$C$2,(D$2-1)+(12*(ROW($B8)-3)),0) -> 0 | E19: =OFFSET('96 List Input'!$C$2,(E$2-1)+(12*(ROW($B8)-3)),0) -> 0 | F19: =OFFSET('96 List Input'!$C$2,(F$2-1)+(12*(ROW($B8)-3)),0) -> 0 | G19: =OFFSET('96 List Input'!$C$2,(G$2-1)+(12*(ROW($B8)-3)),0) -> 0 | H19: =OFFSET('96 List Input'!$C$2,(H$2-1)+(12*(ROW($B8)-3)),0) -> 0 | I19: =OFFSET('96 List Input'!$C$2,(I$2-1)+(12*(ROW($B8)-3)),0) -> 0 | ... M19: =OFFSET('96 List Input'!$C$2,(M$2-1)+(12*(ROW($B8)-3)),0) -> 0
A20: G | B20: =OFFSET('96 List Input'!$C$2,(B$2-1)+(12*(ROW($B9)-3)),0) -> 0 | C20: =OFFSET('96 List Input'!$C$2,(C$2-1)+(12*(ROW($B9)-3)),0) -> 0 | D20: =OFFSET('96 List Input'!$C$2,(D$2-1)+(12*(ROW($B9)-3)),0) -> 0 | E20: =OFFSET('96 List Input'!$C$2,(E$2-1)+(12*(ROW($B9)-3)),0) -> 0 | F20: =OFFSET('96 List Input'!$C$2,(F$2-1)+(12*(ROW($B9)-3)),0) -> 0 | G20: =OFFSET('96 List Input'!$C$2,(G$2-1)+(12*(ROW($B9)-3)),0) -> 0 | H20: =OFFSET('96 List Input'!$C$2,(H$2-1)+(12*(ROW($B9)-3)),0) -> 0 | I20: =OFFSET('96 List Input'!$C$2,(I$2-1)+(12*(ROW($B9)-3)),0) -> 0 | ... M20: =OFFSET('96 List Input'!$C$2,(M$2-1)+(12*(ROW($B9)-3)),0) -> 0
A21: H | B21: =OFFSET('96 List Input'!$C$2,(B$2-1)+(12*(ROW($B10)-3)),0) -> 0 | C21: =OFFSET('96 List Input'!$C$2,(C$2-1)+(12*(ROW($B10)-3)),0) -> 0 | D21: =OFFSET('96 List Input'!$C$2,(D$2-1)+(12*(ROW($B10)-3)),0) -> 0 | E21: =OFFSET('96 List Input'!$C$2,(E$2-1)+(12*(ROW($B10)-3)),0) -> 0 | F21: =OFFSET('96 List Input'!$C$2,(F$2-1)+(12*(ROW($B10)-3)),0) -> 0 | G21: =OFFSET('96 List Input'!$C$2,(G$2-1)+(12*(ROW($B10)-3)),0) -> 0 | H21: =OFFSET('96 List Input'!$C$2,(H$2-1)+(12*(ROW($B10)-3)),0) -> 0 | I21: =OFFSET('96 List Input'!$C$2,(I$2-1)+(12*(ROW($B10)-3)),0) -> 0 | ... M21: =OFFSET('96 List Input'!$C$2,(M$2-1)+(12*(ROW($B10)-3)),0) -> 0
A23: Plate 3
B24: 1 | C24: 2 | D24: 3 | E24: 4 | F24: 5 | G24: 6 | H24: 7 | I24: 8 | J24: 9 | K24: 10 | L24: 11 | M24: 12
A25: A | B25: =OFFSET('96 List Input'!$D$2,(B$2-1)+(12*(ROW($B3)-3)),0) -> 0 | C25: =OFFSET('96 List Input'!$D$2,(C$2-1)+(12*(ROW($B3)-3)),0) -> 0 | D25: =OFFSET('96 List Input'!$D$2,(D$2-1)+(12*(ROW($B3)-3)),0) -> 0 | E25: =OFFSET('96 List Input'!$D$2,(E$2-1)+(12*(ROW($B3)-3)),0) -> 0 | F25: =OFFSET('96 List Input'!$D$2,(F$2-1)+(12*(ROW($B3)-3)),0) -> 0 | G25: =OFFSET('96 List Input'!$D$2,(G$2-1)+(12*(ROW($B3)-3)),0) -> 0 | H25: =OFFSET('96 List Input'!$D$2,(H$2-1)+(12*(ROW($B3)-3)),0) -> 0 | I25: =OFFSET('96 List Input'!$D$2,(I$2-1)+(12*(ROW($B3)-3)),0) -> 0 | ... M25: =OFFSET('96 List Input'!$D$2,(M$2-1)+(12*(ROW($B3)-3)),0) -> 0
A26: B | B26: =OFFSET('96 List Input'!$D$2,(B$2-1)+(12*(ROW($B4)-3)),0) -> 0 | C26: =OFFSET('96 List Input'!$D$2,(C$2-1)+(12*(ROW($B4)-3)),0) -> 0 | D26: =OFFSET('96 List Input'!$D$2,(D$2-1)+(12*(ROW($B4)-3)),0) -> 0 | E26: =OFFSET('96 List Input'!$D$2,(E$2-1)+(12*(ROW($B4)-3)),0) -> 0 | F26: =OFFSET('96 List Input'!$D$2,(F$2-1)+(12*(ROW($B4)-3)),0) -> 0 | G26: =OFFSET('96 List Input'!$D$2,(G$2-1)+(12*(ROW($B4)-3)),0) -> 0 | H26: =OFFSET('96 List Input'!$D$2,(H$2-1)+(12*(ROW($B4)-3)),0) -> 0 | I26: =OFFSET('96 List Input'!$D$2,(I$2-1)+(12*(ROW($B4)-3)),0) -> 0 | ... M26: =OFFSET('96 List Input'!$D$2,(M$2-1)+(12*(ROW($B4)-3)),0) -> 0
A27: C | B27: =OFFSET('96 List Input'!$D$2,(B$2-1)+(12*(ROW($B5)-3)),0) -> 0 | C27: =OFFSET('96 List Input'!$D$2,(C$2-1)+(12*(ROW($B5)-3)),0) -> 0 | D27: =OFFSET('96 List Input'!$D$2,(D$2-1)+(12*(ROW($B5)-3)),0) -> 0 | E27: =OFFSET('96 List Input'!$D$2,(E$2-1)+(12*(ROW($B5)-3)),0) -> 0 | F27: =OFFSET('96 List Input'!$D$2,(F$2-1)+(12*(ROW($B5)-3)),0) -> 0 | G27: =OFFSET('96 List Input'!$D$2,(G$2-1)+(12*(ROW($B5)-3)),0) -> 0 | H27: =OFFSET('96 List Input'!$D$2,(H$2-1)+(12*(ROW($B5)-3)),0) -> 0 | I27: =OFFSET('96 List Input'!$D$2,(I$2-1)+(12*(ROW($B5)-3)),0) -> 0 | ... M27: =OFFSET('96 List Input'!$D$2,(M$2-1)+(12*(ROW($B5)-3)),0) -> 0
A28: D | B28: =OFFSET('96 List Input'!$D$2,(B$2-1)+(12*(ROW($B6)-3)),0) -> 0 | C28: =OFFSET('96 List Input'!$D$2,(C$2-1)+(12*(ROW($B6)-3)),0) -> 0 | D28: =OFFSET('96 List Input'!$D$2,(D$2-1)+(12*(ROW($B6)-3)),0) -> 0 | E28: =OFFSET('96 List Input'!$D$2,(E$2-1)+(12*(ROW($B6)-3)),0) -> 0 | F28: =OFFSET('96 List Input'!$D$2,(F$2-1)+(12*(ROW($B6)-3)),0) -> 0 | G28: =OFFSET('96 List Input'!$D$2,(G$2-1)+(12*(ROW($B6)-3)),0) -> 0 | H28: =OFFSET('96 List Input'!$D$2,(H$2-1)+(12*(ROW($B6)-3)),0) -> 0 | I28: =OFFSET('96 List Input'!$D$2,(I$2-1)+(12*(ROW($B6)-3)),0) -> 0 | ... M28: =OFFSET('96 List Input'!$D$2,(M$2-1)+(12*(ROW($B6)-3)),0) -> 0
A29: E | B29: =OFFSET('96 List Input'!$D$2,(B$2-1)+(12*(ROW($B7)-3)),0) -> 0 | C29: =OFFSET('96 List Input'!$D$2,(C$2-1)+(12*(ROW($B7)-3)),0) -> 0 | D29: =OFFSET('96 List Input'!$D$2,(D$2-1)+(12*(ROW($B7)-3)),0) -> 0 | E29: =OFFSET('96 List Input'!$D$2,(E$2-1)+(12*(ROW($B7)-3)),0) -> 0 | F29: =OFFSET('96 List Input'!$D$2,(F$2-1)+(12*(ROW($B7)-3)),0) -> 0 | G29: =OFFSET('96 List Input'!$D$2,(G$2-1)+(12*(ROW($B7)-3)),0) -> 0 | H29: =OFFSET('96 List Input'!$D$2,(H$2-1)+(12*(ROW($B7)-3)),0) -> 0 | I29: =OFFSET('96 List Input'!$D$2,(I$2-1)+(12*(ROW($B7)-3)),0) -> 0 | ... M29: =OFFSET('96 List Input'!$D$2,(M$2-1)+(12*(ROW($B7)-3)),0) -> 0
A30: F | B30: =OFFSET('96 List Input'!$D$2,(B$2-1)+(12*(ROW($B8)-3)),0) -> 0 | C30: =OFFSET('96 List Input'!$D$2,(C$2-1)+(12*(ROW($B8)-3)),0) -> 0 | D30: =OFFSET('96 List Input'!$D$2,(D$2-1)+(12*(ROW($B8)-3)),0) -> 0 | E30: =OFFSET('96 List Input'!$D$2,(E$2-1)+(12*(ROW($B8)-3)),0) -> 0 | F30: =OFFSET('96 List Input'!$D$2,(F$2-1)+(12*(ROW($B8)-3)),0) -> 0 | G30: =OFFSET('96 List Input'!$D$2,(G$2-1)+(12*(ROW($B8)-3)),0) -> 0 | H30: =OFFSET('96 List Input'!$D$2,(H$2-1)+(12*(ROW($B8)-3)),0) -> 0 | I30: =OFFSET('96 List Input'!$D$2,(I$2-1)+(12*(ROW($B8)-3)),0) -> 0 | ... M30: =OFFSET('96 List Input'!$D$2,(M$2-1)+(12*(ROW($B8)-3)),0) -> 0
A31: G | B31: =OFFSET('96 List Input'!$D$2,(B$2-1)+(12*(ROW($B9)-3)),0) -> 0 | C31: =OFFSET('96 List Input'!$D$2,(C$2-1)+(12*(ROW($B9)-3)),0) -> 0 | D31: =OFFSET('96 List Input'!$D$2,(D$2-1)+(12*(ROW($B9)-3)),0) -> 0 | E31: =OFFSET('96 List Input'!$D$2,(E$2-1)+(12*(ROW($B9)-3)),0) -> 0 | F31: =OFFSET('96 List Input'!$D$2,(F$2-1)+(12*(ROW($B9)-3)),0) -> 0 | G31: =OFFSET('96 List Input'!$D$2,(G$2-1)+(12*(ROW($B9)-3)),0) -> 0 | H31: =OFFSET('96 List Input'!$D$2,(H$2-1)+(12*(ROW($B9)-3)),0) -> 0 | I31: =OFFSET('96 List Input'!$D$2,(I$2-1)+(12*(ROW($B9)-3)),0) -> 0 | ... M31: =OFFSET('96 List Input'!$D$2,(M$2-1)+(12*(ROW($B9)-3)),0) -> 0
A32: H | B32: =OFFSET('96 List Input'!$D$2,(B$2-1)+(12*(ROW($B10)-3)),0) -> 0 | C32: =OFFSET('96 List Input'!$D$2,(C$2-1)+(12*(ROW($B10)-3)),0) -> 0 | D32: =OFFSET('96 List Input'!$D$2,(D$2-1)+(12*(ROW($B10)-3)),0) -> 0 | E32: =OFFSET('96 List Input'!$D$2,(E$2-1)+(12*(ROW($B10)-3)),0) -> 0 | F32: =OFFSET('96 List Input'!$D$2,(F$2-1)+(12*(ROW($B10)-3)),0) -> 0 | G32: =OFFSET('96 List Input'!$D$2,(G$2-1)+(12*(ROW($B10)-3)),0) -> 0 | H32: =OFFSET('96 List Input'!$D$2,(H$2-1)+(12*(ROW($B10)-3)),0) -> 0 | I32: =OFFSET('96 List Input'!$D$2,(I$2-1)+(12*(ROW($B10)-3)),0) -> 0 | ... M32: =OFFSET('96 List Input'!$D$2,(M$2-1)+(12*(ROW($B10)-3)),0) -> 0
A34: Plate 4
B35: 1 | C35: 2 | D35: 3 | E35: 4 | F35: 5 | G35: 6 | H35: 7 | I35: 8 | J35: 9 | K35: 10 | L35: 11 | M35: 12
A36: A | B36: =OFFSET('96 List Input'!$E$2,(B$2-1)+(12*(ROW($B3)-3)),0) -> 0 | C36: =OFFSET('96 List Input'!$E$2,(C$2-1)+(12*(ROW($B3)-3)),0) -> 0 | D36: =OFFSET('96 List Input'!$E$2,(D$2-1)+(12*(ROW($B3)-3)),0) -> 0 | E36: =OFFSET('96 List Input'!$E$2,(E$2-1)+(12*(ROW($B3)-3)),0) -> 0 | F36: =OFFSET('96 List Input'!$E$2,(F$2-1)+(12*(ROW($B3)-3)),0) -> 0 | G36: =OFFSET('96 List Input'!$E$2,(G$2-1)+(12*(ROW($B3)-3)),0) -> 0 | H36: =OFFSET('96 List Input'!$E$2,(H$2-1)+(12*(ROW($B3)-3)),0) -> 0 | I36: =OFFSET('96 List Input'!$E$2,(I$2-1)+(12*(ROW($B3)-3)),0) -> 0 | ... M36: =OFFSET('96 List Input'!$E$2,(M$2-1)+(12*(ROW($B3)-3)),0) -> 0
A37: B | B37: =OFFSET('96 List Input'!$E$2,(B$2-1)+(12*(ROW($B4)-3)),0) -> 0 | C37: =OFFSET('96 List Input'!$E$2,(C$2-1)+(12*(ROW($B4)-3)),0) -> 0 | D37: =OFFSET('96 List Input'!$E$2,(D$2-1)+(12*(ROW($B4)-3)),0) -> 0 | E37: =OFFSET('96 List Input'!$E$2,(E$2-1)+(12*(ROW($B4)-3)),0) -> 0 | F37: =OFFSET('96 List Input'!$E$2,(F$2-1)+(12*(ROW($B4)-3)),0) -> 0 | G37: =OFFSET('96 List Input'!$E$2,(G$2-1)+(12*(ROW($B4)-3)),0) -> 0 | H37: =OFFSET('96 List Input'!$E$2,(H$2-1)+(12*(ROW($B4)-3)),0) -> 0 | I37: =OFFSET('96 List Input'!$E$2,(I$2-1)+(12*(ROW($B4)-3)),0) -> 0 | ... M37: =OFFSET('96 List Input'!$E$2,(M$2-1)+(12*(ROW($B4)-3)),0) -> 0
A38: C | B38: =OFFSET('96 List Input'!$E$2,(B$2-1)+(12*(ROW($B5)-3)),0) -> 0 | C38: =OFFSET('96 List Input'!$E$2,(C$2-1)+(12*(ROW($B5)-3)),0) -> 0 | D38: =OFFSET('96 List Input'!$E$2,(D$2-1)+(12*(ROW($B5)-3)),0) -> 0 | E38: =OFFSET('96 List Input'!$E$2,(E$2-1)+(12*(ROW($B5)-3)),0) -> 0 | F38: =OFFSET('96 List Input'!$E$2,(F$2-1)+(12*(ROW($B5)-3)),0) -> 0 | G38: =OFFSET('96 List Input'!$E$2,(G$2-1)+(12*(ROW($B5)-3)),0) -> 0 | H38: =OFFSET('96 List Input'!$E$2,(H$2-1)+(12*(ROW($B5)-3)),0) -> 0 | I38: =OFFSET('96 List Input'!$E$2,(I$2-1)+(12*(ROW($B5)-3)),0) -> 0 | ... M38: =OFFSET('96 List Input'!$E$2,(M$2-1)+(12*(ROW($B5)-3)),0) -> 0
A39: D | B39: =OFFSET('96 List Input'!$E$2,(B$2-1)+(12*(ROW($B6)-3)),0) -> 0 | C39: =OFFSET('96 List Input'!$E$2,(C$2-1)+(12*(ROW($B6)-3)),0) -> 0 | D39: =OFFSET('96 List Input'!$E$2,(D$2-1)+(12*(ROW($B6)-3)),0) -> 0 | E39: =OFFSET('96 List Input'!$E$2,(E$2-1)+(12*(ROW($B6)-3)),0) -> 0 | F39: =OFFSET('96 List Input'!$E$2,(F$2-1)+(12*(ROW($B6)-3)),0) -> 0 | G39: =OFFSET('96 List Input'!$E$2,(G$2-1)+(12*(ROW($B6)-3)),0) -> 0 | H39: =OFFSET('96 List Input'!$E$2,(H$2-1)+(12*(ROW($B6)-3)),0) -> 0 | I39: =OFFSET('96 List Input'!$E$2,(I$2-1)+(12*(ROW($B6)-3)),0) -> 0 | ... M39: =OFFSET('96 List Input'!$E$2,(M$2-1)+(12*(ROW($B6)-3)),0) -> 0
A40: E | B40: =OFFSET('96 List Input'!$E$2,(B$2-1)+(12*(ROW($B7)-3)),0) -> 0 | C40: =OFFSET('96 List Input'!$E$2,(C$2-1)+(12*(ROW($B7)-3)),0) -> 0 | D40: =OFFSET('96 List Input'!$E$2,(D$2-1)+(12*(ROW($B7)-3)),0) -> 0 | E40: =OFFSET('96 List Input'!$E$2,(E$2-1)+(12*(ROW($B7)-3)),0) -> 0 | F40: =OFFSET('96 List Input'!$E$2,(F$2-1)+(12*(ROW($B7)-3)),0) -> 0 | G40: =OFFSET('96 List Input'!$E$2,(G$2-1)+(12*(ROW($B7)-3)),0) -> 0 | H40: =OFFSET('96 List Input'!$E$2,(H$2-1)+(12*(ROW($B7)-3)),0) -> 0 | I40: =OFFSET('96 List Input'!$E$2,(I$2-1)+(12*(ROW($B7)-3)),0) -> 0 | ... M40: =OFFSET('96 List Input'!$E$2,(M$2-1)+(12*(ROW($B7)-3)),0) -> 0
A41: F | B41: =OFFSET('96 List Input'!$E$2,(B$2-1)+(12*(ROW($B8)-3)),0) -> 0 | C41: =OFFSET('96 List Input'!$E$2,(C$2-1)+(12*(ROW($B8)-3)),0) -> 0 | D41: =OFFSET('96 List Input'!$E$2,(D$2-1)+(12*(ROW($B8)-3)),0) -> 0 | E41: =OFFSET('96 List Input'!$E$2,(E$2-1)+(12*(ROW($B8)-3)),0) -> 0 | F41: =OFFSET('96 List Input'!$E$2,(F$2-1)+(12*(ROW($B8)-3)),0) -> 0 | G41: =OFFSET('96 List Input'!$E$2,(G$2-1)+(12*(ROW($B8)-3)),0) -> 0 | H41: =OFFSET('96 List Input'!$E$2,(H$2-1)+(12*(ROW($B8)-3)),0) -> 0 | I41: =OFFSET('96 List Input'!$E$2,(I$2-1)+(12*(ROW($B8)-3)),0) -> 0 | ... M41: =OFFSET('96 List Input'!$E$2,(M$2-1)+(12*(ROW($B8)-3)),0) -> 0
A42: G | B42: =OFFSET('96 List Input'!$E$2,(B$2-1)+(12*(ROW($B9)-3)),0) -> 0 | C42: =OFFSET('96 List Input'!$E$2,(C$2-1)+(12*(ROW($B9)-3)),0) -> 0 | D42: =OFFSET('96 List Input'!$E$2,(D$2-1)+(12*(ROW($B9)-3)),0) -> 0 | E42: =OFFSET('96 List Input'!$E$2,(E$2-1)+(12*(ROW($B9)-3)),0) -> 0 | F42: =OFFSET('96 List Input'!$E$2,(F$2-1)+(12*(ROW($B9)-3)),0) -> 0 | G42: =OFFSET('96 List Input'!$E$2,(G$2-1)+(12*(ROW($B9)-3)),0) -> 0 | H42: =OFFSET('96 List Input'!$E$2,(H$2-1)+(12*(ROW($B9)-3)),0) -> 0 | I42: =OFFSET('96 List Input'!$E$2,(I$2-1)+(12*(ROW($B9)-3)),0) -> 0 | ... M42: =OFFSET('96 List Input'!$E$2,(M$2-1)+(12*(ROW($B9)-3)),0) -> 0
A43: H | B43: =OFFSET('96 List Input'!$E$2,(B$2-1)+(12*(ROW($B10)-3)),0) -> 0 | C43: =OFFSET('96 List Input'!$E$2,(C$2-1)+(12*(ROW($B10)-3)),0) -> 0 | D43: =OFFSET('96 List Input'!$E$2,(D$2-1)+(12*(ROW($B10)-3)),0) -> 0 | E43: =OFFSET('96 List Input'!$E$2,(E$2-1)+(12*(ROW($B10)-3)),0) -> 0 | F43: =OFFSET('96 List Input'!$E$2,(F$2-1)+(12*(ROW($B10)-3)),0) -> 0 | G43: =OFFSET('96 List Input'!$E$2,(G$2-1)+(12*(ROW($B10)-3)),0) -> 0 | H43: =OFFSET('96 List Input'!$E$2,(H$2-1)+(12*(ROW($B10)-3)),0) -> 0 | I43: =OFFSET('96 List Input'!$E$2,(I$2-1)+(12*(ROW($B10)-3)),0) -> 0 | ... M43: =OFFSET('96 List Input'!$E$2,(M$2-1)+(12*(ROW($B10)-3)),0) -> 0
